less,https://www.vox.com/the-highlight/23548400/saving-species-and-other-stories-highlight
who,https://www.vox.com/the-highlight/23542710/population-growth-birth-rates-fertility-rates-democrats-republicans-climate-change
fewer,https://www.vox.com/the-highlight/23542710/population-growth-birth-rates-fertility-rates-democrats-republicans-climate-change
aid,https://www.vox.com/the-highlight/23542710/population-growth-birth-rates-fertility-rates-democrats-republicans-climate-change
further,https://www.vox.com/the-highlight/23542710/population-growth-birth-rates-fertility-rates-democrats-republicans-climate-change
bad,https://www.vox.com/the-highlight/23542710/population-growth-birth-rates-fertility-rates-democrats-republicans-climate-change
badly,https://www.vox.com/the-highlight/23482684/ashley-ray-comedian-essay-dad-funeral-theater-camp
anymore,https://www.vox.com/the-highlight/23482690/amc-gamestop-stock-ape-ryan-cohen-adam-aron-reddit
ultimately,https://www.vox.com/the-highlight/23482690/amc-gamestop-stock-ape-ryan-cohen-adam-aron-reddit
aide,https://www.vox.com/the-highlight/23486818/science-humor-comedy
elicit,https://www.vox.com/the-highlight/23486818/science-humor-comedy
averse,https://www.vox.com/the-highlight/23447596/artificial-intelligence-agi-openai-gpt3-existential-risk-human-extinction
conscious,https://www.vox.com/the-highlight/23447596/artificial-intelligence-agi-openai-gpt3-existential-risk-human-extinction
whom,https://www.vox.com/the-highlight/23383703/robert-greenstein-center-budget-policy-priorities
ingenious,https://www.vox.com/the-highlight/23376441/office-real-estate-remote-work-lab-conversions
mitigate,https://www.vox.com/the-highlight/23377638/buildings-indoor-air-quality-pollution-toxic-sick
ingenuous,https://www.vox.com/the-highlight/23323231/ruben-gallego-arizona-latino-voters
farther,https://www.vox.com/features/23191527/urban-planning-friendship-houston-cars-loneliness
wait for,https://www.vox.com/recode/23573432/tech-layoffs-cuts-startup-facebook-google-amazon
uninterested,https://www.vox.com/23576393/peru-political-crisis-castillo-boluarte-elections-congress
amok,https://www.vox.com/policy-and-politics/23573220/adam-schiff-california-senate-race-katie-porter-dianne-feinstein
imminent,https://www.vox.com/recode/2023/1/17/23552716/tiktok-ban-cfius-bytedance
wait on,https://www.vox.com/science-and-health/23561441/federal-reserve-jerome-powell-climate-change-citigroup-jpmorgan
any more,https://www.vox.com/2023/1/17/23559013/egg-prices-bird-flu-inflation-avian-influenza
adverse,https://www.vox.com/future-perfect/23449849/social-cost-carbon-value-statistical-life-epa
illicit,https://www.vox.com/the-goods/2022/10/11/23391609/new-york-marijuana-laws-legalization-bodega-weed-truck
blond,https://www.vox.com/policy-and-politics/2023/1/10/23542845/joe-biden-debt-ceiling-kevin-mccarthy
eminent,https://www.vox.com/future-perfect/2022/12/15/23509014/chatgpt-artificial-intelligence-openai-language-models-ai-risk-google
L,e,f,t,:
evnetually,disinterested,conscience,militate,epigram,epigraph,disassociate,dissociate,baklava,balaclava,blonde,amuck
